Project Name,Package Name,Type Name,MethodName,LOC,CC,PC
java,flight.reservation,Airport,Airport,6,1,3
java,flight.reservation,Airport,Airport,6,1,4
java,flight.reservation,Airport,getName,3,1,0
java,flight.reservation,Airport,getCode,3,1,0
java,flight.reservation,Airport,getLocation,3,1,0
java,flight.reservation,Airport,getFlights,3,1,0
java,flight.reservation,Airport,setFlights,3,1,1
java,flight.reservation,Airport,getAllowedAircrafts,3,1,0
java,flight.reservation,Customer,Customer,5,1,2
java,flight.reservation,Customer,createOrder,8,2,3
java,flight.reservation,Customer,isOrderValid,6,1,2
java,flight.reservation,Customer,getEmail,3,1,0
java,flight.reservation,Customer,setEmail,3,1,1
java,flight.reservation,Customer,getName,3,1,0
java,flight.reservation,Customer,setName,3,1,1
java,flight.reservation,Customer,getOrders,3,1,0
java,flight.reservation,Customer,setOrders,3,1,1
java,flight.reservation,Passenger,Passenger,3,1,1
java,flight.reservation,Passenger,getName,3,1,0
java,flight.reservation.flight.builder,ScheduledFlightBuilder,withNumber,4,1,1
java,flight.reservation.flight.builder,ScheduledFlightBuilder,withDeparture,4,1,1
java,flight.reservation.flight.builder,ScheduledFlightBuilder,withArrival,4,1,1
java,flight.reservation.flight.builder,ScheduledFlightBuilder,withAircraft,4,1,1
java,flight.reservation.flight.builder,ScheduledFlightBuilder,withDepartureTime,4,1,1
java,flight.reservation.flight.builder,ScheduledFlightBuilder,withCurrentPrice,4,1,1
java,flight.reservation.flight.builder,ScheduledFlightBuilder,build,6,2,0
java,flight.reservation.flight,Flight,Flight,7,1,4
java,flight.reservation.flight,Flight,checkValidity,5,2,0
java,flight.reservation.flight,Flight,isAircraftValid,3,1,1
java,flight.reservation.flight,Flight,getAircraft,3,1,0
java,flight.reservation.flight,Flight,getNumber,3,1,0
java,flight.reservation.flight,Flight,getDeparture,3,1,0
java,flight.reservation.flight,Flight,getArrival,3,1,0
java,flight.reservation.flight,Flight,toString,3,1,0
java,flight.reservation.flight,Schedule,Schedule,4,1,0
java,flight.reservation.flight,Schedule,getScheduledFlights,3,1,0
java,flight.reservation.flight,Schedule,scheduleFlight,5,1,2
java,flight.reservation.flight,Schedule,removeFlight,10,3,1
java,flight.reservation.flight,Schedule,removeScheduledFlight,4,1,1
java,flight.reservation.flight,Schedule,searchScheduledFlight,3,1,1
java,flight.reservation.flight,Schedule,clear,3,1,0
java,flight.reservation.flight,Schedule,addObserver,3,1,1
java,flight.reservation.flight,Schedule,removeObserver,3,1,1
java,flight.reservation.flight,Schedule,notifyObservers,3,1,1
java,flight.reservation.flight,ScheduledFlight,ScheduledFlight,7,1,5
java,flight.reservation.flight,ScheduledFlight,ScheduledFlight,9,1,6
java,flight.reservation.flight,ScheduledFlight,getCrewMemberCapacity,3,1,0
java,flight.reservation.flight,ScheduledFlight,addPassengers,3,1,1
java,flight.reservation.flight,ScheduledFlight,removePassengers,3,1,1
java,flight.reservation.flight,ScheduledFlight,getCapacity,3,1,0
java,flight.reservation.flight,ScheduledFlight,getAvailableCapacity,3,1,0
java,flight.reservation.flight,ScheduledFlight,getDepartureTime,3,1,0
java,flight.reservation.flight,ScheduledFlight,getPassengers,3,1,0
java,flight.reservation.flight,ScheduledFlight,getCurrentPrice,3,1,0
java,flight.reservation.flight,ScheduledFlight,setCurrentPrice,5,1,1
java,flight.reservation.flight,ScheduledFlight,getBasePrice,3,1,0
java,flight.reservation.flight,ScheduledFlight,setPricingStrategy,3,1,1
java,flight.reservation.flight,ScheduledFlight,applyPricingStrategy,5,1,0
java,flight.reservation.flight,ScheduledFlight,addObserver,3,1,1
java,flight.reservation.flight,ScheduledFlight,removeObserver,3,1,1
java,flight.reservation.flight,ScheduledFlight,notifyObservers,3,1,1
java,flight.reservation.flight.observer,ScheduleEvent,ScheduleEvent,4,1,2
java,flight.reservation.flight.observer,ScheduleEvent,getType,3,1,0
java,flight.reservation.flight.observer,ScheduleEvent,getScheduledFlight,3,1,0
java,flight.reservation.flight.observer,ScheduleObserver,onScheduleEvent,0,1,1
java,flight.reservation.flight.observer,ScheduleSubject,addObserver,0,1,1
java,flight.reservation.flight.observer,ScheduleSubject,removeObserver,0,1,1
java,flight.reservation.flight.observer,ScheduleSubject,notifyObservers,0,1,1
java,flight.reservation.flight.pricing,DemandPricing,compute,13,2,1
java,flight.reservation.flight.pricing,FixedPricing,compute,3,1,1
java,flight.reservation.flight.pricing,PricingStrategy,compute,0,1,1
java,flight.reservation.order.builder,FlightOrderBuilder,withCustomer,4,1,1
java,flight.reservation.order.builder,FlightOrderBuilder,withFlights,4,1,1
java,flight.reservation.order.builder,FlightOrderBuilder,withPassengerNames,4,1,1
java,flight.reservation.order.builder,FlightOrderBuilder,withPrice,4,1,1
java,flight.reservation.order.builder,FlightOrderBuilder,build,11,1,0
java,flight.reservation.order,FlightOrder,FlightOrder,3,1,1
java,flight.reservation.order,FlightOrder,getNoFlyList,3,1,0
java,flight.reservation.order,FlightOrder,getScheduledFlights,3,1,0
java,flight.reservation.order,FlightOrder,processOrderWithCreditCardDetail,4,1,3
java,flight.reservation.order,FlightOrder,processOrderWithCreditCard,3,1,1
java,flight.reservation.order,FlightOrder,processOrderWithPayPal,3,1,2
java,flight.reservation.order,FlightOrder,processOrder,13,4,1
java,flight.reservation.order,FlightOrder,payWithCreditCard,4,1,2
java,flight.reservation.order,FlightOrder,payWithPayPal,4,1,3
java,flight.reservation.order,Order,Order,3,1,0
java,flight.reservation.order,Order,getId,3,1,0
java,flight.reservation.order,Order,getPrice,3,1,0
java,flight.reservation.order,Order,setPrice,3,1,1
java,flight.reservation.order,Order,getCustomer,3,1,0
java,flight.reservation.order,Order,setCustomer,3,1,1
java,flight.reservation.order,Order,getPassengers,3,1,0
java,flight.reservation.order,Order,setPassengers,3,1,1
java,flight.reservation.order,Order,isClosed,3,1,0
java,flight.reservation.order,Order,setClosed,3,1,0
java,flight.reservation.order.validation,CapacityValidator,check,11,1,1
java,flight.reservation.order.validation,NoFlyValidator,check,6,2,1
java,flight.reservation.order.validation,OrderValidationContext,OrderValidationContext,5,1,3
java,flight.reservation.order.validation,OrderValidationContext,getCustomer,3,1,0
java,flight.reservation.order.validation,OrderValidationContext,getPassengerNames,3,1,0
java,flight.reservation.order.validation,OrderValidationContext,getFlights,3,1,0
java,flight.reservation.order.validation,OrderValidationHandler,setNext,4,1,1
java,flight.reservation.order.validation,OrderValidationHandler,validate,9,3,1
java,flight.reservation.order.validation,OrderValidationHandler,check,0,1,1
java,flight.reservation.payment,CreditCard,CreditCard,7,1,3
java,flight.reservation.payment,CreditCard,setAmount,3,1,1
java,flight.reservation.payment,CreditCard,getAmount,3,1,0
java,flight.reservation.payment,CreditCard,isValid,3,1,0
java,flight.reservation.payment,CreditCard,setValid,3,1,0
java,flight.reservation.payment,CreditCardAdapter,CreditCardAdapter,3,1,1
java,flight.reservation.payment,CreditCardAdapter,pay,12,3,1
java,flight.reservation.payment,PaymentProcessor,pay,0,1,1
java,flight.reservation.payment,PaypalAdapter,PaypalAdapter,4,1,2
java,flight.reservation.payment,PaypalAdapter,pay,6,2,1
java,flight.reservation.plane,Aircraft,getModel,0,1,0
java,flight.reservation.plane,Aircraft,getPassengerCapacity,0,1,0
java,flight.reservation.plane,Aircraft,getCrewCapacity,0,1,0
java,flight.reservation.plane,AircraftFactory,AircraftFactory,2,1,0
java,flight.reservation.plane,AircraftFactory,createAircraft,12,4,2
java,flight.reservation.plane,Helicopter,Helicopter,12,3,1
java,flight.reservation.plane,Helicopter,getModel,3,1,0
java,flight.reservation.plane,Helicopter,getPassengerCapacity,3,1,0
java,flight.reservation.plane,Helicopter,getCrewCapacity,3,1,0
java,flight.reservation.plane,PassengerDrone,PassengerDrone,8,2,1
java,flight.reservation.plane,PassengerDrone,getModel,3,1,0
java,flight.reservation.plane,PassengerDrone,getPassengerCapacity,3,1,0
java,flight.reservation.plane,PassengerDrone,getCrewCapacity,3,1,0
java,flight.reservation.plane,PassengerPlane,PassengerPlane,23,5,1
java,flight.reservation.plane,PassengerPlane,getModel,3,1,0
java,flight.reservation.plane,PassengerPlane,getPassengerCapacity,3,1,0
java,flight.reservation.plane,PassengerPlane,getCrewCapacity,3,1,0
java,(default package),Runner,main,2,1,1
